depth (um),width (um),overlapDepth (um)
75.149,72.043,20.000
117.107,138.238,103.489
152.397,197.018,102.314
120.871,152.102,110.984
156.087,208.816,106.856
122.995,156.480,113.703
157.867,215.831,109.410
124.207,158.918,115.832
158.781,222.713,111.216
125.007,160.050,117.090
159.390,226.955,112.171
125.597,160.790,118.237
159.865,229.358,113.352
126.028,161.338,118.814
160.435,231.090,113.814
126.393,161.778,119.155
160.897,232.464,114.452
126.668,162.130,119.584
161.322,233.604,119.584
126.668,162.130,119.584
161.322,233.604,119.584
126.668,162.130,119.584
161.322,233.604,119.584
126.668,162.130,119.584
161.322,233.604,119.584
126.668,162.130,119.584
161.322,233.604,119.584
126.668,162.130,119.584
161.322,233.604,119.584
126.668,162.130,119.584
161.322,233.604,119.584
126.668,162.130,119.584
161.322,233.604,119.584
126.668,162.130,119.584
161.322,233.604,119.584
126.668,162.130,119.584
161.322,233.604,119.584
126.668,162.130,119.584
161.322,233.604,119.584
126.668,162.130,119.584
161.322,233.604,119.584
126.668,162.130,119.584
161.322,233.604,119.584
141.354,162.130
mean: 151.365,mean: 191.695,mean: 114.765
