t,x,y,rhf
0.000000000000000000e+00,8.000000000000000654e-05,8.000000000000000654e-05,8.659999999999999920e-01
5.468750000000000114e-05,8.000000000000000654e-05,1.325000000000000223e-04,8.659999999999999920e-01
1.093750000000000023e-04,8.000000000000000654e-05,1.849999999999999973e-04,8.659999999999999920e-01
1.640625000000000102e-04,8.000000000000000654e-05,2.375000000000000266e-04,8.659999999999999920e-01
2.187500000000000046e-04,8.000000000000000654e-05,2.900000000000000017e-04,8.659999999999999920e-01
2.734375000000000260e-04,8.000000000000000654e-05,3.425000000000000310e-04,8.659999999999999920e-01
3.281250000000000204e-04,8.000000000000000654e-05,3.950000000000000061e-04,8.659999999999999920e-01
3.828125000000000147e-04,8.000000000000000654e-05,4.474999999999999811e-04,9.196738076580827093e-01
4.375000000000000091e-04,8.000000000000000654e-05,5.000000000000000104e-04,1.000000000000000000e+00
4.921875000000000035e-04,8.000000000000000654e-05,5.525000000000000397e-04,1.034000000000000030e+00
5.468750000000000520e-04,8.000000000000000654e-05,6.050000000000000690e-04,1.034000000000000030e+00
6.015624999999999922e-04,8.000000000000000654e-05,6.574999999999999898e-04,1.034000000000000030e+00
6.562500000000000408e-04,8.000000000000000654e-05,7.100000000000000191e-04,1.034000000000000030e+00
7.109374999999999809e-04,8.000000000000000654e-05,7.625000000000000484e-04,1.034000000000000030e+00
7.656250000000000295e-04,8.000000000000000654e-05,8.149999999999999693e-04,1.034000000000000030e+00
8.203124999999999696e-04,8.000000000000000654e-05,8.674999999999999985e-04,1.034000000000000030e+00
8.750000000000000182e-04,8.000000000000000654e-05,9.200000000000000278e-04,1.034000000000000030e+00
5.875000000000000014e-03,1.900000000000000105e-04,9.200000000000000278e-04,8.659999999999999920e-01
5.929687500000000062e-03,1.900000000000000105e-04,8.674999999999999985e-04,8.659999999999999920e-01
5.984375000000000111e-03,1.900000000000000105e-04,8.149999999999999693e-04,8.659999999999999920e-01
6.039062500000000160e-03,1.900000000000000105e-04,7.625000000000000484e-04,8.659999999999999920e-01
6.093750000000000208e-03,1.900000000000000105e-04,7.100000000000000191e-04,8.659999999999999920e-01
6.148437500000000257e-03,1.900000000000000105e-04,6.574999999999999898e-04,8.659999999999999920e-01
6.203125000000000305e-03,1.900000000000000105e-04,6.050000000000000690e-04,8.659999999999999920e-01
6.257812500000000354e-03,1.900000000000000105e-04,5.525000000000000397e-04,9.196738076580824872e-01
6.312500000000000402e-03,1.900000000000000105e-04,5.000000000000000104e-04,1.000000000000000000e+00
6.367187499999999584e-03,1.900000000000000105e-04,4.474999999999999811e-04,1.034000000000000030e+00
6.421875000000000500e-03,1.900000000000000105e-04,3.949999999999999518e-04,1.034000000000000030e+00
6.476562499999999681e-03,1.900000000000000105e-04,3.425000000000000310e-04,1.034000000000000030e+00
6.531249999999999729e-03,1.900000000000000105e-04,2.900000000000000017e-04,1.034000000000000030e+00
6.585937499999999778e-03,1.900000000000000105e-04,2.374999999999999724e-04,1.034000000000000030e+00
6.640624999999999827e-03,1.900000000000000105e-04,1.850000000000000516e-04,1.034000000000000030e+00
6.695312499999999875e-03,1.900000000000000105e-04,1.325000000000000223e-04,1.034000000000000030e+00
6.749999999999999924e-03,1.900000000000000105e-04,8.000000000000000654e-05,1.034000000000000030e+00
1.175000000000000003e-02,2.999999999999999737e-04,8.000000000000000654e-05,8.659999999999999920e-01
1.180468749999999921e-02,2.999999999999999737e-04,1.325000000000000223e-04,8.659999999999999920e-01
1.185937500000000012e-02,2.999999999999999737e-04,1.849999999999999973e-04,8.659999999999999920e-01
1.191406249999999931e-02,2.999999999999999737e-04,2.375000000000000266e-04,8.659999999999999920e-01
1.196875000000000022e-02,2.999999999999999737e-04,2.900000000000000017e-04,8.659999999999999920e-01
1.202343749999999940e-02,2.999999999999999737e-04,3.425000000000000310e-04,8.659999999999999920e-01
1.207812500000000032e-02,2.999999999999999737e-04,3.950000000000000061e-04,8.659999999999999920e-01
1.213281249999999950e-02,2.999999999999999737e-04,4.474999999999999811e-04,9.196738076580827093e-01
1.218750000000000042e-02,2.999999999999999737e-04,5.000000000000000104e-04,9.999999999999996669e-01
1.224218749999999960e-02,2.999999999999999737e-04,5.525000000000000397e-04,1.034000000000000030e+00
1.229687500000000051e-02,2.999999999999999737e-04,6.050000000000000690e-04,1.034000000000000030e+00
1.235156249999999969e-02,2.999999999999999737e-04,6.574999999999999898e-04,1.034000000000000030e+00
1.240625000000000061e-02,2.999999999999999737e-04,7.100000000000000191e-04,1.034000000000000030e+00
1.246093749999999979e-02,2.999999999999999737e-04,7.625000000000000484e-04,1.034000000000000030e+00
1.251562500000000071e-02,2.999999999999999737e-04,8.149999999999999693e-04,1.034000000000000030e+00
1.257031249999999989e-02,2.999999999999999737e-04,8.674999999999999985e-04,1.034000000000000030e+00
1.262500000000000080e-02,2.999999999999999737e-04,9.200000000000000278e-04,1.034000000000000030e+00
1.762500000000000178e-02,4.099999999999999912e-04,9.200000000000000278e-04,8.659999999999999920e-01
1.767968750000000269e-02,4.099999999999999912e-04,8.674999999999999985e-04,8.659999999999999920e-01
1.773437500000000014e-02,4.099999999999999912e-04,8.149999999999999693e-04,8.659999999999999920e-01
1.778906250000000105e-02,4.099999999999999912e-04,7.625000000000000484e-04,8.659999999999999920e-01
1.784375000000000197e-02,4.099999999999999912e-04,7.100000000000000191e-04,8.659999999999999920e-01
1.789843750000000289e-02,4.099999999999999912e-04,6.574999999999999898e-04,8.659999999999999920e-01
1.795312500000000033e-02,4.099999999999999912e-04,6.050000000000000690e-04,8.659999999999999920e-01
1.800781250000000125e-02,4.099999999999999912e-04,5.525000000000000397e-04,9.196738076580827093e-01
1.806250000000000216e-02,4.099999999999999912e-04,5.000000000000000104e-04,9.999999999999996669e-01
1.811718750000000308e-02,4.099999999999999912e-04,4.474999999999999811e-04,1.034000000000000030e+00
1.817187500000000053e-02,4.099999999999999912e-04,3.949999999999999518e-04,1.034000000000000030e+00
1.822656250000000144e-02,4.099999999999999912e-04,3.425000000000000310e-04,1.034000000000000030e+00
1.828125000000000236e-02,4.099999999999999912e-04,2.900000000000000017e-04,1.034000000000000030e+00
1.833593750000000328e-02,4.099999999999999912e-04,2.374999999999999724e-04,1.034000000000000030e+00
1.839062500000000072e-02,4.099999999999999912e-04,1.850000000000000516e-04,1.034000000000000030e+00
1.844531250000000164e-02,4.099999999999999912e-04,1.325000000000000223e-04,1.034000000000000030e+00
1.850000000000000255e-02,4.099999999999999912e-04,8.000000000000000654e-05,1.034000000000000030e+00
2.350000000000000352e-02,5.199999999999999544e-04,8.000000000000000654e-05,8.659999999999999920e-01
2.355468750000000444e-02,5.199999999999999544e-04,1.325000000000000223e-04,8.659999999999999920e-01
2.360937500000000189e-02,5.199999999999999544e-04,1.849999999999999973e-04,8.659999999999999920e-01
2.366406250000000280e-02,5.199999999999999544e-04,2.375000000000000266e-04,8.659999999999999920e-01
2.371875000000000372e-02,5.199999999999999544e-04,2.900000000000000017e-04,8.659999999999999920e-01
2.377343750000000464e-02,5.199999999999999544e-04,3.425000000000000310e-04,8.659999999999999920e-01
2.382812500000000208e-02,5.199999999999999544e-04,3.950000000000000061e-04,8.659999999999999920e-01
2.388281250000000300e-02,5.199999999999999544e-04,4.474999999999999811e-04,9.196738076580827093e-01
2.393750000000000391e-02,5.199999999999999544e-04,5.000000000000000104e-04,9.999999999999996669e-01
2.399218750000000483e-02,5.199999999999999544e-04,5.525000000000000397e-04,1.034000000000000030e+00
2.404687500000000228e-02,5.199999999999999544e-04,6.050000000000000690e-04,1.034000000000000030e+00
2.410156250000000319e-02,5.199999999999999544e-04,6.574999999999999898e-04,1.034000000000000030e+00
2.415625000000000411e-02,5.199999999999999544e-04,7.100000000000000191e-04,1.034000000000000030e+00
2.421093750000000502e-02,5.199999999999999544e-04,7.625000000000000484e-04,1.034000000000000030e+00
2.426562500000000247e-02,5.199999999999999544e-04,8.149999999999999693e-04,1.034000000000000030e+00
2.432031250000000339e-02,5.199999999999999544e-04,8.674999999999999985e-04,1.034000000000000030e+00
2.437500000000000430e-02,5.199999999999999544e-04,9.200000000000000278e-04,1.034000000000000030e+00
2.937500000000000527e-02,6.299999999999999177e-04,9.200000000000000278e-04,8.659999999999999920e-01
2.942968750000000619e-02,6.299999999999999177e-04,8.674999999999999985e-04,8.659999999999999920e-01
2.948437500000000364e-02,6.299999999999999177e-04,8.149999999999999693e-04,8.659999999999999920e-01
2.953906250000000455e-02,6.299999999999999177e-04,7.625000000000000484e-04,8.659999999999999920e-01
2.959375000000000547e-02,6.299999999999999177e-04,7.100000000000000191e-04,8.659999999999999920e-01
2.964843750000000638e-02,6.299999999999999177e-04,6.574999999999999898e-04,8.659999999999999920e-01
2.970312500000000383e-02,6.299999999999999177e-04,6.050000000000000690e-04,8.659999999999999920e-01
2.975781250000000475e-02,6.299999999999999177e-04,5.525000000000000397e-04,9.196738076580827093e-01
2.981250000000000566e-02,6.299999999999999177e-04,5.000000000000000104e-04,9.999999999999996669e-01
2.986718750000000658e-02,6.299999999999999177e-04,4.474999999999999811e-04,1.034000000000000030e+00
2.992187500000000402e-02,6.299999999999999177e-04,3.949999999999999518e-04,1.034000000000000030e+00
2.997656250000000494e-02,6.299999999999999177e-04,3.425000000000000310e-04,1.034000000000000030e+00
3.003125000000000586e-02,6.299999999999999177e-04,2.900000000000000017e-04,1.034000000000000030e+00
3.008593750000000677e-02,6.299999999999999177e-04,2.374999999999999724e-04,1.034000000000000030e+00
3.014062500000000422e-02,6.299999999999999177e-04,1.850000000000000516e-04,1.034000000000000030e+00
3.019531250000000513e-02,6.299999999999999177e-04,1.325000000000000223e-04,1.034000000000000030e+00
3.025000000000000605e-02,6.299999999999999177e-04,8.000000000000000654e-05,1.034000000000000030e+00
3.525000000000000355e-02,7.399999999999999894e-04,8.000000000000000654e-05,8.659999999999999920e-01
3.530468750000000100e-02,7.399999999999999894e-04,1.325000000000000223e-04,8.659999999999999920e-01
3.535937500000000538e-02,7.399999999999999894e-04,1.849999999999999973e-04,8.659999999999999920e-01
3.541406250000000283e-02,7.399999999999999894e-04,2.375000000000000266e-04,8.659999999999999920e-01
3.546875000000000028e-02,7.399999999999999894e-04,2.900000000000000017e-04,8.659999999999999920e-01
3.552343750000000466e-02,7.399999999999999894e-04,3.425000000000000310e-04,8.659999999999999920e-01
3.557812500000000211e-02,7.399999999999999894e-04,3.950000000000000061e-04,8.659999999999999920e-01
3.563281250000000649e-02,7.399999999999999894e-04,4.474999999999999811e-04,9.196738076580812660e-01
3.568750000000000394e-02,7.399999999999999894e-04,5.000000000000000104e-04,9.999999999999997780e-01
3.574218750000000139e-02,7.399999999999999894e-04,5.525000000000000397e-04,1.034000000000000030e+00
3.579687500000000577e-02,7.399999999999999894e-04,6.050000000000000690e-04,1.034000000000000030e+00
3.585156250000000322e-02,7.399999999999999894e-04,6.574999999999999898e-04,1.034000000000000030e+00
3.590625000000000067e-02,7.399999999999999894e-04,7.100000000000000191e-04,1.034000000000000030e+00
3.596093750000000505e-02,7.399999999999999894e-04,7.625000000000000484e-04,1.034000000000000030e+00
3.601562500000000250e-02,7.399999999999999894e-04,8.149999999999999693e-04,1.034000000000000030e+00
3.607031250000000688e-02,7.399999999999999894e-04,8.674999999999999985e-04,1.034000000000000030e+00
3.612500000000000433e-02,7.399999999999999894e-04,9.200000000000000278e-04,1.034000000000000030e+00
4.112500000000000183e-02,8.499999999999999526e-04,9.200000000000000278e-04,8.659999999999999920e-01
4.117968749999999928e-02,8.499999999999999526e-04,8.674999999999999985e-04,8.659999999999999920e-01
4.123437500000000366e-02,8.499999999999999526e-04,8.149999999999999693e-04,8.659999999999999920e-01
4.128906250000000111e-02,8.499999999999999526e-04,7.625000000000000484e-04,8.659999999999999920e-01
4.134374999999999856e-02,8.499999999999999526e-04,7.100000000000000191e-04,8.659999999999999920e-01
4.139843750000000294e-02,8.499999999999999526e-04,6.574999999999999898e-04,8.659999999999999920e-01
4.145312500000000039e-02,8.499999999999999526e-04,6.050000000000000690e-04,8.659999999999999920e-01
4.150781250000000477e-02,8.499999999999999526e-04,5.525000000000000397e-04,9.196738076580812660e-01
4.156250000000000222e-02,8.499999999999999526e-04,5.000000000000000104e-04,9.999999999999997780e-01
4.161718749999999967e-02,8.499999999999999526e-04,4.474999999999999811e-04,1.034000000000000030e+00
4.167187500000000405e-02,8.499999999999999526e-04,3.949999999999999518e-04,1.034000000000000030e+00
4.172656250000000150e-02,8.499999999999999526e-04,3.425000000000000310e-04,1.034000000000000030e+00
4.178124999999999895e-02,8.499999999999999526e-04,2.900000000000000017e-04,1.034000000000000030e+00
4.183593750000000333e-02,8.499999999999999526e-04,2.374999999999999724e-04,1.034000000000000030e+00
4.189062500000000078e-02,8.499999999999999526e-04,1.850000000000000516e-04,1.034000000000000030e+00
4.194531250000000516e-02,8.499999999999999526e-04,1.325000000000000223e-04,1.034000000000000030e+00
4.200000000000000261e-02,8.499999999999999526e-04,8.000000000000000654e-05,1.034000000000000030e+00
4.700000000000000011e-02,9.599999999999999159e-04,8.000000000000000654e-05,8.659999999999999920e-01
4.705468749999999756e-02,9.599999999999999159e-04,1.325000000000000223e-04,8.659999999999999920e-01
4.710937500000000194e-02,9.599999999999999159e-04,1.849999999999999973e-04,8.659999999999999920e-01
4.716406249999999939e-02,9.599999999999999159e-04,2.375000000000000266e-04,8.659999999999999920e-01
4.721874999999999684e-02,9.599999999999999159e-04,2.900000000000000017e-04,8.659999999999999920e-01
4.727343750000000122e-02,9.599999999999999159e-04,3.425000000000000310e-04,8.659999999999999920e-01
4.732812499999999867e-02,9.599999999999999159e-04,3.950000000000000061e-04,8.659999999999999920e-01
4.738281250000000305e-02,9.599999999999999159e-04,4.474999999999999811e-04,9.196738076580812660e-01
4.743750000000000050e-02,9.599999999999999159e-04,5.000000000000000104e-04,9.999999999999997780e-01
4.749218749999999795e-02,9.599999999999999159e-04,5.525000000000000397e-04,1.034000000000000030e+00
4.754687500000000233e-02,9.599999999999999159e-04,6.050000000000000690e-04,1.034000000000000030e+00
4.760156249999999978e-02,9.599999999999999159e-04,6.574999999999999898e-04,1.034000000000000030e+00
4.765624999999999722e-02,9.599999999999999159e-04,7.100000000000000191e-04,1.034000000000000030e+00
4.771093750000000161e-02,9.599999999999999159e-04,7.625000000000000484e-04,1.034000000000000030e+00
4.776562499999999906e-02,9.599999999999999159e-04,8.149999999999999693e-04,1.034000000000000030e+00
4.782031250000000344e-02,9.599999999999999159e-04,8.674999999999999985e-04,1.034000000000000030e+00
4.787500000000000089e-02,9.599999999999999159e-04,9.200000000000000278e-04,1.034000000000000030e+00
5.287499999999999839e-02,1.069999999999999988e-03,9.200000000000000278e-04,8.659999999999999920e-01
5.292968749999999584e-02,1.069999999999999988e-03,8.674999999999999985e-04,8.659999999999999920e-01
5.298437500000000022e-02,1.069999999999999988e-03,8.149999999999999693e-04,8.659999999999999920e-01
5.303906249999999767e-02,1.069999999999999988e-03,7.625000000000000484e-04,8.659999999999999920e-01
5.309374999999999512e-02,1.069999999999999988e-03,7.100000000000000191e-04,8.659999999999999920e-01
5.314843749999999950e-02,1.069999999999999988e-03,6.574999999999999898e-04,8.659999999999999920e-01
5.320312499999999695e-02,1.069999999999999988e-03,6.050000000000000690e-04,8.659999999999999920e-01
5.325781250000000133e-02,1.069999999999999988e-03,5.525000000000000397e-04,9.196738076580812660e-01
5.331249999999999878e-02,1.069999999999999988e-03,5.000000000000000104e-04,9.999999999999997780e-01
5.336718749999999623e-02,1.069999999999999988e-03,4.474999999999999811e-04,1.034000000000000030e+00
5.342187500000000061e-02,1.069999999999999988e-03,3.949999999999999518e-04,1.034000000000000030e+00
5.347656249999999806e-02,1.069999999999999988e-03,3.425000000000000310e-04,1.034000000000000030e+00
5.353124999999999550e-02,1.069999999999999988e-03,2.900000000000000017e-04,1.034000000000000030e+00
5.358593749999999989e-02,1.069999999999999988e-03,2.374999999999999724e-04,1.034000000000000030e+00
5.364062499999999734e-02,1.069999999999999988e-03,1.850000000000000516e-04,1.034000000000000030e+00
5.369531250000000172e-02,1.069999999999999988e-03,1.325000000000000223e-04,1.034000000000000030e+00
5.374999999999999917e-02,1.069999999999999988e-03,8.000000000000000654e-05,1.034000000000000030e+00
5.874999999999999667e-02,1.179999999999999842e-03,8.000000000000000654e-05,8.659999999999999920e-01
5.880468749999999412e-02,1.179999999999999842e-03,1.325000000000000223e-04,8.659999999999999920e-01
5.885937499999999850e-02,1.179999999999999842e-03,1.849999999999999973e-04,8.659999999999999920e-01
5.891406249999999595e-02,1.179999999999999842e-03,2.375000000000000266e-04,8.659999999999999920e-01
5.896874999999999339e-02,1.179999999999999842e-03,2.900000000000000017e-04,8.659999999999999920e-01
5.902343749999999778e-02,1.179999999999999842e-03,3.425000000000000310e-04,8.659999999999999920e-01
5.907812499999999523e-02,1.179999999999999842e-03,3.950000000000000061e-04,8.659999999999999920e-01
5.913281249999999961e-02,1.179999999999999842e-03,4.474999999999999811e-04,9.196738076580812660e-01
5.918749999999999706e-02,1.179999999999999842e-03,5.000000000000000104e-04,9.999999999999997780e-01
5.924218749999999450e-02,1.179999999999999842e-03,5.525000000000000397e-04,1.034000000000000030e+00
5.929687499999999889e-02,1.179999999999999842e-03,6.050000000000000690e-04,1.034000000000000030e+00
5.935156249999999634e-02,1.179999999999999842e-03,6.574999999999999898e-04,1.034000000000000030e+00
5.940624999999999378e-02,1.179999999999999842e-03,7.100000000000000191e-04,1.034000000000000030e+00
5.946093749999999817e-02,1.179999999999999842e-03,7.625000000000000484e-04,1.034000000000000030e+00
5.951562499999999561e-02,1.179999999999999842e-03,8.149999999999999693e-04,1.034000000000000030e+00
5.957031250000000000e-02,1.179999999999999842e-03,8.674999999999999985e-04,1.034000000000000030e+00
5.962499999999999745e-02,1.179999999999999842e-03,9.200000000000000278e-04,1.034000000000000030e+00
6.462500000000000189e-02,1.289999999999999914e-03,9.200000000000000278e-04,8.659999999999999920e-01
6.467968749999999933e-02,1.289999999999999914e-03,8.674999999999999985e-04,8.659999999999999920e-01
6.473437499999999678e-02,1.289999999999999914e-03,8.149999999999999693e-04,8.659999999999999920e-01
6.478906250000000810e-02,1.289999999999999914e-03,7.625000000000000484e-04,8.659999999999999920e-01
6.484375000000000555e-02,1.289999999999999914e-03,7.100000000000000191e-04,8.659999999999999920e-01
6.489843750000000300e-02,1.289999999999999914e-03,6.574999999999999898e-04,8.659999999999999920e-01
6.495312500000000044e-02,1.289999999999999914e-03,6.050000000000000690e-04,8.659999999999999920e-01
6.500781249999999789e-02,1.289999999999999914e-03,5.525000000000000397e-04,9.196738076580840415e-01
6.506249999999999534e-02,1.289999999999999914e-03,5.000000000000000104e-04,1.000000000000002442e+00
6.511718750000000666e-02,1.289999999999999914e-03,4.474999999999999811e-04,1.034000000000000030e+00
6.517187500000000411e-02,1.289999999999999914e-03,3.949999999999999518e-04,1.034000000000000030e+00
6.522656250000000155e-02,1.289999999999999914e-03,3.425000000000000310e-04,1.034000000000000030e+00
6.528124999999999900e-02,1.289999999999999914e-03,2.900000000000000017e-04,1.034000000000000030e+00
6.533593749999999645e-02,1.289999999999999914e-03,2.374999999999999724e-04,1.034000000000000030e+00
6.539062500000000777e-02,1.289999999999999914e-03,1.850000000000000516e-04,1.034000000000000030e+00
6.544531250000000522e-02,1.289999999999999914e-03,1.325000000000000223e-04,1.034000000000000030e+00
6.550000000000000266e-02,1.289999999999999914e-03,8.000000000000000654e-05,1.034000000000000030e+00
7.050000000000000711e-02,1.399999999999999986e-03,8.000000000000000654e-05,8.659999999999999920e-01
7.055468750000000455e-02,1.399999999999999986e-03,1.325000000000000223e-04,8.659999999999999920e-01
7.060937500000000200e-02,1.399999999999999986e-03,1.849999999999999973e-04,8.659999999999999920e-01
7.066406250000001332e-02,1.399999999999999986e-03,2.375000000000000266e-04,8.659999999999999920e-01
7.071875000000001077e-02,1.399999999999999986e-03,2.900000000000000017e-04,8.659999999999999920e-01
7.077343750000000822e-02,1.399999999999999986e-03,3.425000000000000310e-04,8.659999999999999920e-01
7.082812500000000566e-02,1.399999999999999986e-03,3.950000000000000061e-04,8.659999999999999920e-01
7.088281250000000311e-02,1.399999999999999986e-03,4.474999999999999811e-04,9.196738076580840415e-01
7.093750000000000056e-02,1.399999999999999986e-03,5.000000000000000104e-04,1.000000000000002442e+00
7.099218750000001188e-02,1.399999999999999986e-03,5.525000000000000397e-04,1.034000000000000030e+00
7.104687500000000933e-02,1.399999999999999986e-03,6.050000000000000690e-04,1.034000000000000030e+00
7.110156250000000677e-02,1.399999999999999986e-03,6.574999999999999898e-04,1.034000000000000030e+00
7.115625000000000422e-02,1.399999999999999986e-03,7.100000000000000191e-04,1.034000000000000030e+00
7.121093750000000167e-02,1.399999999999999986e-03,7.625000000000000484e-04,1.034000000000000030e+00
7.126562500000001299e-02,1.399999999999999986e-03,8.149999999999999693e-04,1.034000000000000030e+00
7.132031250000001044e-02,1.399999999999999986e-03,8.674999999999999985e-04,1.034000000000000030e+00
7.137500000000000788e-02,1.399999999999999986e-03,9.200000000000000278e-04,1.034000000000000030e+00
7.637500000000001232e-02,1.509999999999999841e-03,9.200000000000000278e-04,8.659999999999999920e-01
7.642968750000000977e-02,1.509999999999999841e-03,8.674999999999999985e-04,8.659999999999999920e-01
7.648437500000000722e-02,1.509999999999999841e-03,8.149999999999999693e-04,8.659999999999999920e-01
7.653906250000001854e-02,1.509999999999999841e-03,7.625000000000000484e-04,8.659999999999999920e-01
7.659375000000001599e-02,1.509999999999999841e-03,7.100000000000000191e-04,8.659999999999999920e-01
7.664843750000001343e-02,1.509999999999999841e-03,6.574999999999999898e-04,8.659999999999999920e-01
7.670312500000001088e-02,1.509999999999999841e-03,6.050000000000000690e-04,8.659999999999999920e-01
7.675781250000000833e-02,1.509999999999999841e-03,5.525000000000000397e-04,9.196738076580840415e-01
7.681250000000000577e-02,1.509999999999999841e-03,5.000000000000000104e-04,1.000000000000002442e+00
7.686718750000001710e-02,1.509999999999999841e-03,4.474999999999999811e-04,1.034000000000000030e+00
7.692187500000001454e-02,1.509999999999999841e-03,3.949999999999999518e-04,1.034000000000000030e+00
7.697656250000001199e-02,1.509999999999999841e-03,3.425000000000000310e-04,1.034000000000000030e+00
7.703125000000000944e-02,1.509999999999999841e-03,2.900000000000000017e-04,1.034000000000000030e+00
7.708593750000000688e-02,1.509999999999999841e-03,2.374999999999999724e-04,1.034000000000000030e+00
7.714062500000001821e-02,1.509999999999999841e-03,1.850000000000000516e-04,1.034000000000000030e+00
7.719531250000001565e-02,1.509999999999999841e-03,1.325000000000000223e-04,1.034000000000000030e+00
7.725000000000001310e-02,1.509999999999999841e-03,8.000000000000000654e-05,1.034000000000000030e+00
8.225000000000001754e-02,1.619999999999999912e-03,8.000000000000000654e-05,8.659999999999999920e-01
8.230468750000001499e-02,1.619999999999999912e-03,1.325000000000000223e-04,8.659999999999999920e-01
8.235937500000001243e-02,1.619999999999999912e-03,1.849999999999999973e-04,8.659999999999999920e-01
8.241406250000002376e-02,1.619999999999999912e-03,2.375000000000000266e-04,8.659999999999999920e-01
8.246875000000002121e-02,1.619999999999999912e-03,2.900000000000000017e-04,8.659999999999999920e-01
8.252343750000001865e-02,1.619999999999999912e-03,3.425000000000000310e-04,8.659999999999999920e-01
8.257812500000001610e-02,1.619999999999999912e-03,3.950000000000000061e-04,8.659999999999999920e-01
8.263281250000001354e-02,1.619999999999999912e-03,4.474999999999999811e-04,9.196738076580840415e-01
8.268750000000001099e-02,1.619999999999999912e-03,5.000000000000000104e-04,1.000000000000002442e+00
8.274218750000002232e-02,1.619999999999999912e-03,5.525000000000000397e-04,1.034000000000000030e+00
8.279687500000001976e-02,1.619999999999999912e-03,6.050000000000000690e-04,1.034000000000000030e+00
8.285156250000001721e-02,1.619999999999999912e-03,6.574999999999999898e-04,1.034000000000000030e+00
8.290625000000001465e-02,1.619999999999999912e-03,7.100000000000000191e-04,1.034000000000000030e+00
8.296093750000001210e-02,1.619999999999999912e-03,7.625000000000000484e-04,1.034000000000000030e+00
8.301562500000002343e-02,1.619999999999999912e-03,8.149999999999999693e-04,1.034000000000000030e+00
8.307031250000002087e-02,1.619999999999999912e-03,8.674999999999999985e-04,1.034000000000000030e+00
8.312500000000001832e-02,1.619999999999999912e-03,9.200000000000000278e-04,1.034000000000000030e+00
8.812500000000002276e-02,1.729999999999999767e-03,9.200000000000000278e-04,8.659999999999999920e-01
8.817968750000002021e-02,1.729999999999999767e-03,8.674999999999999985e-04,8.659999999999999920e-01
8.823437500000001765e-02,1.729999999999999767e-03,8.149999999999999693e-04,8.659999999999999920e-01
8.828906250000002898e-02,1.729999999999999767e-03,7.625000000000000484e-04,8.659999999999999920e-01
8.834375000000002642e-02,1.729999999999999767e-03,7.100000000000000191e-04,8.659999999999999920e-01
8.839843750000002387e-02,1.729999999999999767e-03,6.574999999999999898e-04,8.659999999999999920e-01
8.845312500000002132e-02,1.729999999999999767e-03,6.050000000000000690e-04,8.659999999999999920e-01
8.850781250000001876e-02,1.729999999999999767e-03,5.525000000000000397e-04,9.196738076580840415e-01
8.856250000000001621e-02,1.729999999999999767e-03,5.000000000000000104e-04,1.000000000000002442e+00
8.861718750000002753e-02,1.729999999999999767e-03,4.474999999999999811e-04,1.034000000000000030e+00
8.867187500000002498e-02,1.729999999999999767e-03,3.949999999999999518e-04,1.034000000000000030e+00
8.872656250000002243e-02,1.729999999999999767e-03,3.425000000000000310e-04,1.034000000000000030e+00
8.878125000000001987e-02,1.729999999999999767e-03,2.900000000000000017e-04,1.034000000000000030e+00
8.883593750000001732e-02,1.729999999999999767e-03,2.374999999999999724e-04,1.034000000000000030e+00
8.889062500000002864e-02,1.729999999999999767e-03,1.850000000000000516e-04,1.034000000000000030e+00
8.894531250000002609e-02,1.729999999999999767e-03,1.325000000000000223e-04,1.034000000000000030e+00
8.900000000000002354e-02,1.729999999999999767e-03,8.000000000000000654e-05,1.034000000000000030e+00
9.400000000000002798e-02,1.839999999999999839e-03,8.000000000000000654e-05,8.659999999999999920e-01
9.405468750000002542e-02,1.839999999999999839e-03,1.325000000000000223e-04,8.659999999999999920e-01
9.410937500000002287e-02,1.839999999999999839e-03,1.849999999999999973e-04,8.659999999999999920e-01
9.416406250000003419e-02,1.839999999999999839e-03,2.375000000000000266e-04,8.659999999999999920e-01
9.421875000000003164e-02,1.839999999999999839e-03,2.900000000000000017e-04,8.659999999999999920e-01
9.427343750000002909e-02,1.839999999999999839e-03,3.425000000000000310e-04,8.659999999999999920e-01
9.432812500000002653e-02,1.839999999999999839e-03,3.950000000000000061e-04,8.659999999999999920e-01
9.438281250000002398e-02,1.839999999999999839e-03,4.474999999999999811e-04,9.196738076580840415e-01
9.443750000000002143e-02,1.839999999999999839e-03,5.000000000000000104e-04,1.000000000000002442e+00
9.449218750000003275e-02,1.839999999999999839e-03,5.525000000000000397e-04,1.034000000000000030e+00
9.454687500000003020e-02,1.839999999999999839e-03,6.050000000000000690e-04,1.034000000000000030e+00
9.460156250000002764e-02,1.839999999999999839e-03,6.574999999999999898e-04,1.034000000000000030e+00
9.465625000000002509e-02,1.839999999999999839e-03,7.100000000000000191e-04,1.034000000000000030e+00
9.471093750000002254e-02,1.839999999999999839e-03,7.625000000000000484e-04,1.034000000000000030e+00
9.476562500000003386e-02,1.839999999999999839e-03,8.149999999999999693e-04,1.034000000000000030e+00
9.482031250000003131e-02,1.839999999999999839e-03,8.674999999999999985e-04,1.034000000000000030e+00
9.487500000000002875e-02,1.839999999999999839e-03,9.200000000000000278e-04,1.034000000000000030e+00
9.987500000000003320e-02,1.949999999999999910e-03,9.200000000000000278e-04,8.659999999999999920e-01
9.992968750000003064e-02,1.949999999999999910e-03,8.674999999999999985e-04,8.659999999999999920e-01
9.998437500000002809e-02,1.949999999999999910e-03,8.149999999999999693e-04,8.659999999999999920e-01
1.000390625000000394e-01,1.949999999999999910e-03,7.625000000000000484e-04,8.659999999999999920e-01
1.000937500000000369e-01,1.949999999999999910e-03,7.100000000000000191e-04,8.659999999999999920e-01
1.001484375000000343e-01,1.949999999999999910e-03,6.574999999999999898e-04,8.659999999999999920e-01
1.002031250000000318e-01,1.949999999999999910e-03,6.050000000000000690e-04,8.659999999999999920e-01
1.002578125000000292e-01,1.949999999999999910e-03,5.525000000000000397e-04,9.196738076580840415e-01
1.003125000000000266e-01,1.949999999999999910e-03,5.000000000000000104e-04,1.000000000000002442e+00
1.003671875000000380e-01,1.949999999999999910e-03,4.474999999999999811e-04,1.034000000000000030e+00
1.004218750000000354e-01,1.949999999999999910e-03,3.949999999999999518e-04,1.034000000000000030e+00
1.004765625000000329e-01,1.949999999999999910e-03,3.425000000000000310e-04,1.034000000000000030e+00
1.005312500000000303e-01,1.949999999999999910e-03,2.900000000000000017e-04,1.034000000000000030e+00
1.005859375000000278e-01,1.949999999999999910e-03,2.374999999999999724e-04,1.034000000000000030e+00
1.006406250000000391e-01,1.949999999999999910e-03,1.850000000000000516e-04,1.034000000000000030e+00
1.006953125000000365e-01,1.949999999999999910e-03,1.325000000000000223e-04,1.034000000000000030e+00
1.007500000000000340e-01,1.949999999999999910e-03,8.000000000000000654e-05,1.034000000000000030e+00
1.057500000000000384e-01,2.060000000000000199e-03,8.000000000000000654e-05,8.659999999999999920e-01
1.058046875000000359e-01,2.060000000000000199e-03,1.325000000000000223e-04,8.659999999999999920e-01
1.058593750000000333e-01,2.060000000000000199e-03,1.849999999999999973e-04,8.659999999999999920e-01
1.059140625000000446e-01,2.060000000000000199e-03,2.375000000000000266e-04,8.659999999999999920e-01
1.059687500000000421e-01,2.060000000000000199e-03,2.900000000000000017e-04,8.659999999999999920e-01
1.060234375000000395e-01,2.060000000000000199e-03,3.425000000000000310e-04,8.659999999999999920e-01
1.060781250000000370e-01,2.060000000000000199e-03,3.950000000000000061e-04,8.659999999999999920e-01
1.061328125000000344e-01,2.060000000000000199e-03,4.474999999999999811e-04,9.196738076580840415e-01
1.061875000000000319e-01,2.060000000000000199e-03,5.000000000000000104e-04,1.000000000000002442e+00
1.062421875000000432e-01,2.060000000000000199e-03,5.525000000000000397e-04,1.034000000000000030e+00
1.062968750000000406e-01,2.060000000000000199e-03,6.050000000000000690e-04,1.034000000000000030e+00
1.063515625000000381e-01,2.060000000000000199e-03,6.574999999999999898e-04,1.034000000000000030e+00
1.064062500000000355e-01,2.060000000000000199e-03,7.100000000000000191e-04,1.034000000000000030e+00
1.064609375000000330e-01,2.060000000000000199e-03,7.625000000000000484e-04,1.034000000000000030e+00
1.065156250000000443e-01,2.060000000000000199e-03,8.149999999999999693e-04,1.034000000000000030e+00
1.065703125000000417e-01,2.060000000000000199e-03,8.674999999999999985e-04,1.034000000000000030e+00
1.066250000000000392e-01,2.060000000000000199e-03,9.200000000000000278e-04,1.034000000000000030e+00
1.116250000000000436e-01,2.170000000000000054e-03,9.200000000000000278e-04,8.659999999999999920e-01
1.116796875000000411e-01,2.170000000000000054e-03,8.674999999999999985e-04,8.659999999999999920e-01
1.117343750000000385e-01,2.170000000000000054e-03,8.149999999999999693e-04,8.659999999999999920e-01
1.117890625000000498e-01,2.170000000000000054e-03,7.625000000000000484e-04,8.659999999999999920e-01
1.118437500000000473e-01,2.170000000000000054e-03,7.100000000000000191e-04,8.659999999999999920e-01
1.118984375000000447e-01,2.170000000000000054e-03,6.574999999999999898e-04,8.659999999999999920e-01
1.119531250000000422e-01,2.170000000000000054e-03,6.050000000000000690e-04,8.659999999999999920e-01
1.120078125000000396e-01,2.170000000000000054e-03,5.525000000000000397e-04,9.196738076580840415e-01
1.120625000000000371e-01,2.170000000000000054e-03,5.000000000000000104e-04,1.000000000000002442e+00
1.121171875000000484e-01,2.170000000000000054e-03,4.474999999999999811e-04,1.034000000000000030e+00
1.121718750000000459e-01,2.170000000000000054e-03,3.949999999999999518e-04,1.034000000000000030e+00
1.122265625000000433e-01,2.170000000000000054e-03,3.425000000000000310e-04,1.034000000000000030e+00
1.122812500000000407e-01,2.170000000000000054e-03,2.900000000000000017e-04,1.034000000000000030e+00
1.123359375000000382e-01,2.170000000000000054e-03,2.374999999999999724e-04,1.034000000000000030e+00
1.123906250000000495e-01,2.170000000000000054e-03,1.850000000000000516e-04,1.034000000000000030e+00
1.124453125000000470e-01,2.170000000000000054e-03,1.325000000000000223e-04,1.034000000000000030e+00
1.125000000000000444e-01,2.170000000000000054e-03,8.000000000000000654e-05,1.034000000000000030e+00
1.175000000000000488e-01,2.279999999999999909e-03,8.000000000000000654e-05,8.659999999999999920e-01
1.175546875000000463e-01,2.279999999999999909e-03,1.325000000000000223e-04,8.659999999999999920e-01
1.176093750000000437e-01,2.279999999999999909e-03,1.849999999999999973e-04,8.659999999999999920e-01
1.176640625000000551e-01,2.279999999999999909e-03,2.375000000000000266e-04,8.659999999999999920e-01
1.177187500000000525e-01,2.279999999999999909e-03,2.900000000000000017e-04,8.659999999999999920e-01
1.177734375000000500e-01,2.279999999999999909e-03,3.425000000000000310e-04,8.659999999999999920e-01
1.178281250000000474e-01,2.279999999999999909e-03,3.950000000000000061e-04,8.659999999999999920e-01
1.178828125000000449e-01,2.279999999999999909e-03,4.474999999999999811e-04,9.196738076580840415e-01
1.179375000000000423e-01,2.279999999999999909e-03,5.000000000000000104e-04,1.000000000000002442e+00
1.179921875000000536e-01,2.279999999999999909e-03,5.525000000000000397e-04,1.034000000000000030e+00
1.180468750000000511e-01,2.279999999999999909e-03,6.050000000000000690e-04,1.034000000000000030e+00
1.181015625000000485e-01,2.279999999999999909e-03,6.574999999999999898e-04,1.034000000000000030e+00
1.181562500000000460e-01,2.279999999999999909e-03,7.100000000000000191e-04,1.034000000000000030e+00
1.182109375000000434e-01,2.279999999999999909e-03,7.625000000000000484e-04,1.034000000000000030e+00
1.182656250000000547e-01,2.279999999999999909e-03,8.149999999999999693e-04,1.034000000000000030e+00
1.183203125000000522e-01,2.279999999999999909e-03,8.674999999999999985e-04,1.034000000000000030e+00
1.183750000000000496e-01,2.279999999999999909e-03,9.200000000000000278e-04,1.034000000000000030e+00
1.233750000000000541e-01,2.390000000000000197e-03,9.200000000000000278e-04,8.659999999999999920e-01
1.234296875000000515e-01,2.390000000000000197e-03,8.674999999999999985e-04,8.659999999999999920e-01
1.234843750000000490e-01,2.390000000000000197e-03,8.149999999999999693e-04,8.659999999999999920e-01
1.235390625000000603e-01,2.390000000000000197e-03,7.625000000000000484e-04,8.659999999999999920e-01
1.235937500000000577e-01,2.390000000000000197e-03,7.100000000000000191e-04,8.659999999999999920e-01
1.236484375000000552e-01,2.390000000000000197e-03,6.574999999999999898e-04,8.659999999999999920e-01
1.237031250000000526e-01,2.390000000000000197e-03,6.050000000000000690e-04,8.659999999999999920e-01
1.237578125000000501e-01,2.390000000000000197e-03,5.525000000000000397e-04,9.196738076580840415e-01
1.238125000000000475e-01,2.390000000000000197e-03,5.000000000000000104e-04,1.000000000000002442e+00
1.238671875000000588e-01,2.390000000000000197e-03,4.474999999999999811e-04,1.034000000000000030e+00
1.239218750000000563e-01,2.390000000000000197e-03,3.949999999999999518e-04,1.034000000000000030e+00
1.239765625000000537e-01,2.390000000000000197e-03,3.425000000000000310e-04,1.034000000000000030e+00
1.240312500000000512e-01,2.390000000000000197e-03,2.900000000000000017e-04,1.034000000000000030e+00
1.240859375000000486e-01,2.390000000000000197e-03,2.374999999999999724e-04,1.034000000000000030e+00
1.241406250000000600e-01,2.390000000000000197e-03,1.850000000000000516e-04,1.034000000000000030e+00
1.241953125000000574e-01,2.390000000000000197e-03,1.325000000000000223e-04,1.034000000000000030e+00
1.242500000000000548e-01,2.390000000000000197e-03,8.000000000000000654e-05,1.034000000000000030e+00
1.292500000000000593e-01,2.500000000000000052e-03,8.000000000000000654e-05,8.659999999999999920e-01
1.293046875000000706e-01,2.500000000000000052e-03,1.325000000000000223e-04,8.659999999999999920e-01
1.293593750000000542e-01,2.500000000000000052e-03,1.849999999999999973e-04,8.659999999999999920e-01
1.294140625000000655e-01,2.500000000000000052e-03,2.375000000000000266e-04,8.659999999999999920e-01
1.294687500000000491e-01,2.500000000000000052e-03,2.900000000000000017e-04,8.659999999999999920e-01
1.295234375000000604e-01,2.500000000000000052e-03,3.425000000000000310e-04,8.659999999999999920e-01
1.295781250000000717e-01,2.500000000000000052e-03,3.950000000000000061e-04,8.659999999999999920e-01
1.296328125000000553e-01,2.500000000000000052e-03,4.474999999999999811e-04,9.196738076580847077e-01
1.296875000000000666e-01,2.500000000000000052e-03,5.000000000000000104e-04,9.999999999999975575e-01
1.297421875000000502e-01,2.500000000000000052e-03,5.525000000000000397e-04,1.034000000000000030e+00
1.297968750000000615e-01,2.500000000000000052e-03,6.050000000000000690e-04,1.034000000000000030e+00
1.298515625000000728e-01,2.500000000000000052e-03,6.574999999999999898e-04,1.034000000000000030e+00
1.299062500000000564e-01,2.500000000000000052e-03,7.100000000000000191e-04,1.034000000000000030e+00
1.299609375000000677e-01,2.500000000000000052e-03,7.625000000000000484e-04,1.034000000000000030e+00
1.300156250000000513e-01,2.500000000000000052e-03,8.149999999999999693e-04,1.034000000000000030e+00
1.300703125000000626e-01,2.500000000000000052e-03,8.674999999999999985e-04,1.034000000000000030e+00
1.301250000000000462e-01,2.500000000000000052e-03,9.200000000000000278e-04,1.034000000000000030e+00
1.351250000000000506e-01,2.609999999999999907e-03,9.200000000000000278e-04,8.659999999999999920e-01
1.351796875000000620e-01,2.609999999999999907e-03,8.674999999999999985e-04,8.659999999999999920e-01
1.352343750000000455e-01,2.609999999999999907e-03,8.149999999999999693e-04,8.659999999999999920e-01
1.352890625000000568e-01,2.609999999999999907e-03,7.625000000000000484e-04,8.659999999999999920e-01
1.353437500000000404e-01,2.609999999999999907e-03,7.100000000000000191e-04,8.659999999999999920e-01
1.353984375000000517e-01,2.609999999999999907e-03,6.574999999999999898e-04,8.659999999999999920e-01
1.354531250000000631e-01,2.609999999999999907e-03,6.050000000000000690e-04,8.659999999999999920e-01
1.355078125000000466e-01,2.609999999999999907e-03,5.525000000000000397e-04,9.196738076580847077e-01
1.355625000000000580e-01,2.609999999999999907e-03,5.000000000000000104e-04,9.999999999999975575e-01
1.356171875000000415e-01,2.609999999999999907e-03,4.474999999999999811e-04,1.034000000000000030e+00
1.356718750000000528e-01,2.609999999999999907e-03,3.949999999999999518e-04,1.034000000000000030e+00
1.357265625000000642e-01,2.609999999999999907e-03,3.425000000000000310e-04,1.034000000000000030e+00
1.357812500000000477e-01,2.609999999999999907e-03,2.900000000000000017e-04,1.034000000000000030e+00
1.358359375000000591e-01,2.609999999999999907e-03,2.374999999999999724e-04,1.034000000000000030e+00
1.358906250000000426e-01,2.609999999999999907e-03,1.850000000000000516e-04,1.034000000000000030e+00
1.359453125000000540e-01,2.609999999999999907e-03,1.325000000000000223e-04,1.034000000000000030e+00
1.360000000000000375e-01,2.609999999999999907e-03,8.000000000000000654e-05,1.034000000000000030e+00
1.410000000000000420e-01,2.720000000000000195e-03,8.000000000000000654e-05,8.659999999999999920e-01
1.410546875000000533e-01,2.720000000000000195e-03,1.325000000000000223e-04,8.659999999999999920e-01
1.411093750000000369e-01,2.720000000000000195e-03,1.849999999999999973e-04,8.659999999999999920e-01
1.411640625000000482e-01,2.720000000000000195e-03,2.375000000000000266e-04,8.659999999999999920e-01
1.412187500000000318e-01,2.720000000000000195e-03,2.900000000000000017e-04,8.659999999999999920e-01
1.412734375000000431e-01,2.720000000000000195e-03,3.425000000000000310e-04,8.659999999999999920e-01
1.413281250000000544e-01,2.720000000000000195e-03,3.950000000000000061e-04,8.659999999999999920e-01
1.413828125000000380e-01,2.720000000000000195e-03,4.474999999999999811e-04,9.196738076580847077e-01
1.414375000000000493e-01,2.720000000000000195e-03,5.000000000000000104e-04,9.999999999999975575e-01
1.414921875000000329e-01,2.720000000000000195e-03,5.525000000000000397e-04,1.034000000000000030e+00
1.415468750000000442e-01,2.720000000000000195e-03,6.050000000000000690e-04,1.034000000000000030e+00
1.416015625000000555e-01,2.720000000000000195e-03,6.574999999999999898e-04,1.034000000000000030e+00
1.416562500000000391e-01,2.720000000000000195e-03,7.100000000000000191e-04,1.034000000000000030e+00
1.417109375000000504e-01,2.720000000000000195e-03,7.625000000000000484e-04,1.034000000000000030e+00
1.417656250000000340e-01,2.720000000000000195e-03,8.149999999999999693e-04,1.034000000000000030e+00
1.418203125000000453e-01,2.720000000000000195e-03,8.674999999999999985e-04,1.034000000000000030e+00
1.418750000000000289e-01,2.720000000000000195e-03,9.200000000000000278e-04,1.034000000000000030e+00
1.468750000000000333e-01,2.830000000000000050e-03,9.200000000000000278e-04,8.659999999999999920e-01
1.469296875000000446e-01,2.830000000000000050e-03,8.674999999999999985e-04,8.659999999999999920e-01
1.469843750000000282e-01,2.830000000000000050e-03,8.149999999999999693e-04,8.659999999999999920e-01
1.470390625000000395e-01,2.830000000000000050e-03,7.625000000000000484e-04,8.659999999999999920e-01
1.470937500000000231e-01,2.830000000000000050e-03,7.100000000000000191e-04,8.659999999999999920e-01
1.471484375000000344e-01,2.830000000000000050e-03,6.574999999999999898e-04,8.659999999999999920e-01
1.472031250000000457e-01,2.830000000000000050e-03,6.050000000000000690e-04,8.659999999999999920e-01
1.472578125000000293e-01,2.830000000000000050e-03,5.525000000000000397e-04,9.196738076580847077e-01
1.473125000000000406e-01,2.830000000000000050e-03,5.000000000000000104e-04,9.999999999999975575e-01
1.473671875000000242e-01,2.830000000000000050e-03,4.474999999999999811e-04,1.034000000000000030e+00
1.474218750000000355e-01,2.830000000000000050e-03,3.949999999999999518e-04,1.034000000000000030e+00
1.474765625000000469e-01,2.830000000000000050e-03,3.425000000000000310e-04,1.034000000000000030e+00
1.475312500000000304e-01,2.830000000000000050e-03,2.900000000000000017e-04,1.034000000000000030e+00
1.475859375000000417e-01,2.830000000000000050e-03,2.374999999999999724e-04,1.034000000000000030e+00
1.476406250000000253e-01,2.830000000000000050e-03,1.850000000000000516e-04,1.034000000000000030e+00
1.476953125000000366e-01,2.830000000000000050e-03,1.325000000000000223e-04,1.034000000000000030e+00
1.477500000000000202e-01,2.830000000000000050e-03,8.000000000000000654e-05,1.034000000000000030e+00
1.527500000000000246e-01,2.939999999999999905e-03,8.000000000000000654e-05,8.659999999999999920e-01
1.528046875000000360e-01,2.939999999999999905e-03,1.325000000000000223e-04,8.659999999999999920e-01
1.528593750000000195e-01,2.939999999999999905e-03,1.849999999999999973e-04,8.659999999999999920e-01
1.529140625000000309e-01,2.939999999999999905e-03,2.375000000000000266e-04,8.659999999999999920e-01
1.529687500000000144e-01,2.939999999999999905e-03,2.900000000000000017e-04,8.659999999999999920e-01
1.530234375000000258e-01,2.939999999999999905e-03,3.425000000000000310e-04,8.659999999999999920e-01
1.530781250000000371e-01,2.939999999999999905e-03,3.950000000000000061e-04,8.659999999999999920e-01
1.531328125000000207e-01,2.939999999999999905e-03,4.474999999999999811e-04,9.196738076580847077e-01
1.531875000000000320e-01,2.939999999999999905e-03,5.000000000000000104e-04,9.999999999999975575e-01
1.532421875000000155e-01,2.939999999999999905e-03,5.525000000000000397e-04,1.034000000000000030e+00
1.532968750000000269e-01,2.939999999999999905e-03,6.050000000000000690e-04,1.034000000000000030e+00
1.533515625000000382e-01,2.939999999999999905e-03,6.574999999999999898e-04,1.034000000000000030e+00
1.534062500000000218e-01,2.939999999999999905e-03,7.100000000000000191e-04,1.034000000000000030e+00
1.534609375000000331e-01,2.939999999999999905e-03,7.625000000000000484e-04,1.034000000000000030e+00
1.535156250000000167e-01,2.939999999999999905e-03,8.149999999999999693e-04,1.034000000000000030e+00
1.535703125000000280e-01,2.939999999999999905e-03,8.674999999999999985e-04,1.034000000000000030e+00
1.536250000000000115e-01,2.939999999999999905e-03,9.200000000000000278e-04,1.034000000000000030e+00
1.586250000000000160e-01,3.049999999999999760e-03,9.200000000000000278e-04,8.659999999999999920e-01
1.586796875000000273e-01,3.049999999999999760e-03,8.674999999999999985e-04,8.659999999999999920e-01
1.587343750000000109e-01,3.049999999999999760e-03,8.149999999999999693e-04,8.659999999999999920e-01
1.587890625000000222e-01,3.049999999999999760e-03,7.625000000000000484e-04,8.659999999999999920e-01
1.588437500000000058e-01,3.049999999999999760e-03,7.100000000000000191e-04,8.659999999999999920e-01
1.588984375000000171e-01,3.049999999999999760e-03,6.574999999999999898e-04,8.659999999999999920e-01
1.589531250000000284e-01,3.049999999999999760e-03,6.050000000000000690e-04,8.659999999999999920e-01
1.590078125000000120e-01,3.049999999999999760e-03,5.525000000000000397e-04,9.196738076580847077e-01
1.590625000000000233e-01,3.049999999999999760e-03,5.000000000000000104e-04,9.999999999999975575e-01
1.591171875000000069e-01,3.049999999999999760e-03,4.474999999999999811e-04,1.034000000000000030e+00
1.591718750000000182e-01,3.049999999999999760e-03,3.949999999999999518e-04,1.034000000000000030e+00
1.592265625000000295e-01,3.049999999999999760e-03,3.425000000000000310e-04,1.034000000000000030e+00
1.592812500000000131e-01,3.049999999999999760e-03,2.900000000000000017e-04,1.034000000000000030e+00
1.593359375000000244e-01,3.049999999999999760e-03,2.374999999999999724e-04,1.034000000000000030e+00
1.593906250000000080e-01,3.049999999999999760e-03,1.850000000000000516e-04,1.034000000000000030e+00
1.594453125000000193e-01,3.049999999999999760e-03,1.325000000000000223e-04,1.034000000000000030e+00
1.595000000000000029e-01,3.049999999999999760e-03,8.000000000000000654e-05,1.034000000000000030e+00
1.645000000000000073e-01,3.160000000000000048e-03,8.000000000000000654e-05,8.659999999999999920e-01
1.645546875000000187e-01,3.160000000000000048e-03,1.325000000000000223e-04,8.659999999999999920e-01
1.646093750000000022e-01,3.160000000000000048e-03,1.849999999999999973e-04,8.659999999999999920e-01
1.646640625000000135e-01,3.160000000000000048e-03,2.375000000000000266e-04,8.659999999999999920e-01
1.647187499999999971e-01,3.160000000000000048e-03,2.900000000000000017e-04,8.659999999999999920e-01
1.647734375000000084e-01,3.160000000000000048e-03,3.425000000000000310e-04,8.659999999999999920e-01
1.648281250000000198e-01,3.160000000000000048e-03,3.950000000000000061e-04,8.659999999999999920e-01
1.648828125000000033e-01,3.160000000000000048e-03,4.474999999999999811e-04,9.196738076580847077e-01
1.649375000000000147e-01,3.160000000000000048e-03,5.000000000000000104e-04,9.999999999999975575e-01
1.649921874999999982e-01,3.160000000000000048e-03,5.525000000000000397e-04,1.034000000000000030e+00
1.650468750000000095e-01,3.160000000000000048e-03,6.050000000000000690e-04,1.034000000000000030e+00
1.651015625000000209e-01,3.160000000000000048e-03,6.574999999999999898e-04,1.034000000000000030e+00
1.651562500000000044e-01,3.160000000000000048e-03,7.100000000000000191e-04,1.034000000000000030e+00
1.652109375000000158e-01,3.160000000000000048e-03,7.625000000000000484e-04,1.034000000000000030e+00
1.652656249999999993e-01,3.160000000000000048e-03,8.149999999999999693e-04,1.034000000000000030e+00
1.653203125000000107e-01,3.160000000000000048e-03,8.674999999999999985e-04,1.034000000000000030e+00
1.653749999999999942e-01,3.160000000000000048e-03,9.200000000000000278e-04,1.034000000000000030e+00
1.703749999999999987e-01,3.269999999999999903e-03,9.200000000000000278e-04,8.659999999999999920e-01
1.704296875000000100e-01,3.269999999999999903e-03,8.674999999999999985e-04,8.659999999999999920e-01
1.704843749999999936e-01,3.269999999999999903e-03,8.149999999999999693e-04,8.659999999999999920e-01
1.705390625000000049e-01,3.269999999999999903e-03,7.625000000000000484e-04,8.659999999999999920e-01
1.705937499999999885e-01,3.269999999999999903e-03,7.100000000000000191e-04,8.659999999999999920e-01
1.706484374999999998e-01,3.269999999999999903e-03,6.574999999999999898e-04,8.659999999999999920e-01
1.707031250000000111e-01,3.269999999999999903e-03,6.050000000000000690e-04,8.659999999999999920e-01
1.707578124999999947e-01,3.269999999999999903e-03,5.525000000000000397e-04,9.196738076580847077e-01
1.708125000000000060e-01,3.269999999999999903e-03,5.000000000000000104e-04,9.999999999999975575e-01
1.708671874999999896e-01,3.269999999999999903e-03,4.474999999999999811e-04,1.034000000000000030e+00
1.709218750000000009e-01,3.269999999999999903e-03,3.949999999999999518e-04,1.034000000000000030e+00
1.709765625000000122e-01,3.269999999999999903e-03,3.425000000000000310e-04,1.034000000000000030e+00
1.710312499999999958e-01,3.269999999999999903e-03,2.900000000000000017e-04,1.034000000000000030e+00
1.710859375000000071e-01,3.269999999999999903e-03,2.374999999999999724e-04,1.034000000000000030e+00
1.711406249999999907e-01,3.269999999999999903e-03,1.850000000000000516e-04,1.034000000000000030e+00
1.711953125000000020e-01,3.269999999999999903e-03,1.325000000000000223e-04,1.034000000000000030e+00
1.712499999999999856e-01,3.269999999999999903e-03,8.000000000000000654e-05,1.034000000000000030e+00
1.762499999999999900e-01,3.379999999999999758e-03,8.000000000000000654e-05,8.659999999999999920e-01
1.763046875000000013e-01,3.379999999999999758e-03,1.325000000000000223e-04,8.659999999999999920e-01
1.763593749999999849e-01,3.379999999999999758e-03,1.849999999999999973e-04,8.659999999999999920e-01
1.764140624999999962e-01,3.379999999999999758e-03,2.375000000000000266e-04,8.659999999999999920e-01
1.764687499999999798e-01,3.379999999999999758e-03,2.900000000000000017e-04,8.659999999999999920e-01
1.765234374999999911e-01,3.379999999999999758e-03,3.425000000000000310e-04,8.659999999999999920e-01
1.765781250000000024e-01,3.379999999999999758e-03,3.950000000000000061e-04,8.659999999999999920e-01
1.766328124999999860e-01,3.379999999999999758e-03,4.474999999999999811e-04,9.196738076580847077e-01
1.766874999999999973e-01,3.379999999999999758e-03,5.000000000000000104e-04,9.999999999999975575e-01
1.767421874999999809e-01,3.379999999999999758e-03,5.525000000000000397e-04,1.034000000000000030e+00
1.767968749999999922e-01,3.379999999999999758e-03,6.050000000000000690e-04,1.034000000000000030e+00
1.768515625000000036e-01,3.379999999999999758e-03,6.574999999999999898e-04,1.034000000000000030e+00
1.769062499999999871e-01,3.379999999999999758e-03,7.100000000000000191e-04,1.034000000000000030e+00
1.769609374999999984e-01,3.379999999999999758e-03,7.625000000000000484e-04,1.034000000000000030e+00
1.770156249999999820e-01,3.379999999999999758e-03,8.149999999999999693e-04,1.034000000000000030e+00
1.770703124999999933e-01,3.379999999999999758e-03,8.674999999999999985e-04,1.034000000000000030e+00
1.771249999999999769e-01,3.379999999999999758e-03,9.200000000000000278e-04,1.034000000000000030e+00
1.821249999999999813e-01,3.490000000000000047e-03,9.200000000000000278e-04,8.659999999999999920e-01
1.821796874999999927e-01,3.490000000000000047e-03,8.674999999999999985e-04,8.659999999999999920e-01
1.822343749999999762e-01,3.490000000000000047e-03,8.149999999999999693e-04,8.659999999999999920e-01
1.822890624999999876e-01,3.490000000000000047e-03,7.625000000000000484e-04,8.659999999999999920e-01
1.823437499999999711e-01,3.490000000000000047e-03,7.100000000000000191e-04,8.659999999999999920e-01
1.823984374999999825e-01,3.490000000000000047e-03,6.574999999999999898e-04,8.659999999999999920e-01
1.824531249999999938e-01,3.490000000000000047e-03,6.050000000000000690e-04,8.659999999999999920e-01
1.825078124999999774e-01,3.490000000000000047e-03,5.525000000000000397e-04,9.196738076580847077e-01
1.825624999999999887e-01,3.490000000000000047e-03,5.000000000000000104e-04,9.999999999999975575e-01
1.826171874999999722e-01,3.490000000000000047e-03,4.474999999999999811e-04,1.034000000000000030e+00
1.826718749999999836e-01,3.490000000000000047e-03,3.949999999999999518e-04,1.034000000000000030e+00
1.827265624999999949e-01,3.490000000000000047e-03,3.425000000000000310e-04,1.034000000000000030e+00
1.827812499999999785e-01,3.490000000000000047e-03,2.900000000000000017e-04,1.034000000000000030e+00
1.828359374999999898e-01,3.490000000000000047e-03,2.374999999999999724e-04,1.034000000000000030e+00
1.828906249999999734e-01,3.490000000000000047e-03,1.850000000000000516e-04,1.034000000000000030e+00
1.829453124999999847e-01,3.490000000000000047e-03,1.325000000000000223e-04,1.034000000000000030e+00
1.829999999999999682e-01,3.490000000000000047e-03,8.000000000000000654e-05,1.034000000000000030e+00
1.879999999999999727e-01,3.599999999999999901e-03,8.000000000000000654e-05,8.659999999999999920e-01
1.880546874999999840e-01,3.599999999999999901e-03,1.325000000000000223e-04,8.659999999999999920e-01
1.881093749999999676e-01,3.599999999999999901e-03,1.849999999999999973e-04,8.659999999999999920e-01
1.881640624999999789e-01,3.599999999999999901e-03,2.375000000000000266e-04,8.659999999999999920e-01
1.882187499999999625e-01,3.599999999999999901e-03,2.900000000000000017e-04,8.659999999999999920e-01
1.882734374999999738e-01,3.599999999999999901e-03,3.425000000000000310e-04,8.659999999999999920e-01
1.883281249999999851e-01,3.599999999999999901e-03,3.950000000000000061e-04,8.659999999999999920e-01
1.883828124999999687e-01,3.599999999999999901e-03,4.474999999999999811e-04,9.196738076580847077e-01
1.884374999999999800e-01,3.599999999999999901e-03,5.000000000000000104e-04,9.999999999999975575e-01
1.884921874999999636e-01,3.599999999999999901e-03,5.525000000000000397e-04,1.034000000000000030e+00
1.885468749999999749e-01,3.599999999999999901e-03,6.050000000000000690e-04,1.034000000000000030e+00
1.886015624999999862e-01,3.599999999999999901e-03,6.574999999999999898e-04,1.034000000000000030e+00
1.886562499999999698e-01,3.599999999999999901e-03,7.100000000000000191e-04,1.034000000000000030e+00
1.887109374999999811e-01,3.599999999999999901e-03,7.625000000000000484e-04,1.034000000000000030e+00
1.887656249999999647e-01,3.599999999999999901e-03,8.149999999999999693e-04,1.034000000000000030e+00
1.888203124999999760e-01,3.599999999999999901e-03,8.674999999999999985e-04,1.034000000000000030e+00
1.888749999999999596e-01,3.599999999999999901e-03,9.200000000000000278e-04,1.034000000000000030e+00
1.938749999999999640e-01,3.709999999999999756e-03,9.200000000000000278e-04,8.659999999999999920e-01
1.939296874999999754e-01,3.709999999999999756e-03,8.674999999999999985e-04,8.659999999999999920e-01
1.939843749999999589e-01,3.709999999999999756e-03,8.149999999999999693e-04,8.659999999999999920e-01
1.940390624999999702e-01,3.709999999999999756e-03,7.625000000000000484e-04,8.659999999999999920e-01
1.940937499999999538e-01,3.709999999999999756e-03,7.100000000000000191e-04,8.659999999999999920e-01
1.941484374999999651e-01,3.709999999999999756e-03,6.574999999999999898e-04,8.659999999999999920e-01
1.942031249999999765e-01,3.709999999999999756e-03,6.050000000000000690e-04,8.659999999999999920e-01
1.942578124999999600e-01,3.709999999999999756e-03,5.525000000000000397e-04,9.196738076580847077e-01
1.943124999999999714e-01,3.709999999999999756e-03,5.000000000000000104e-04,9.999999999999975575e-01
1.943671874999999549e-01,3.709999999999999756e-03,4.474999999999999811e-04,1.034000000000000030e+00
1.944218749999999662e-01,3.709999999999999756e-03,3.949999999999999518e-04,1.034000000000000030e+00
1.944765624999999776e-01,3.709999999999999756e-03,3.425000000000000310e-04,1.034000000000000030e+00
1.945312499999999611e-01,3.709999999999999756e-03,2.900000000000000017e-04,1.034000000000000030e+00
1.945859374999999725e-01,3.709999999999999756e-03,2.374999999999999724e-04,1.034000000000000030e+00
1.946406249999999560e-01,3.709999999999999756e-03,1.850000000000000516e-04,1.034000000000000030e+00
1.946953124999999674e-01,3.709999999999999756e-03,1.325000000000000223e-04,1.034000000000000030e+00
1.947499999999999509e-01,3.709999999999999756e-03,8.000000000000000654e-05,1.034000000000000030e+00
1.997499999999999554e-01,3.820000000000000045e-03,8.000000000000000654e-05,8.659999999999999920e-01
1.998046874999999667e-01,3.820000000000000045e-03,1.325000000000000223e-04,8.659999999999999920e-01
1.998593749999999503e-01,3.820000000000000045e-03,1.849999999999999973e-04,8.659999999999999920e-01
1.999140624999999616e-01,3.820000000000000045e-03,2.375000000000000266e-04,8.659999999999999920e-01
1.999687499999999452e-01,3.820000000000000045e-03,2.900000000000000017e-04,8.659999999999999920e-01
2.000234374999999565e-01,3.820000000000000045e-03,3.425000000000000310e-04,8.659999999999999920e-01
2.000781249999999678e-01,3.820000000000000045e-03,3.950000000000000061e-04,8.659999999999999920e-01
2.001328124999999514e-01,3.820000000000000045e-03,4.474999999999999811e-04,9.196738076580847077e-01
2.001874999999999627e-01,3.820000000000000045e-03,5.000000000000000104e-04,9.999999999999975575e-01
2.002421874999999463e-01,3.820000000000000045e-03,5.525000000000000397e-04,1.034000000000000030e+00
2.002968749999999576e-01,3.820000000000000045e-03,6.050000000000000690e-04,1.034000000000000030e+00
2.003515624999999689e-01,3.820000000000000045e-03,6.574999999999999898e-04,1.034000000000000030e+00
2.004062499999999525e-01,3.820000000000000045e-03,7.100000000000000191e-04,1.034000000000000030e+00
2.004609374999999638e-01,3.820000000000000045e-03,7.625000000000000484e-04,1.034000000000000030e+00
2.005156249999999474e-01,3.820000000000000045e-03,8.149999999999999693e-04,1.034000000000000030e+00
2.005703124999999587e-01,3.820000000000000045e-03,8.674999999999999985e-04,1.034000000000000030e+00
2.006249999999999423e-01,3.820000000000000045e-03,9.200000000000000278e-04,1.034000000000000030e+00
2.056249999999999467e-01,3.929999999999999466e-03,9.200000000000000278e-04,8.659999999999999920e-01
2.056796874999999580e-01,3.929999999999999466e-03,8.674999999999999985e-04,8.659999999999999920e-01
2.057343749999999416e-01,3.929999999999999466e-03,8.149999999999999693e-04,8.659999999999999920e-01
2.057890624999999529e-01,3.929999999999999466e-03,7.625000000000000484e-04,8.659999999999999920e-01
2.058437499999999365e-01,3.929999999999999466e-03,7.100000000000000191e-04,8.659999999999999920e-01
2.058984374999999478e-01,3.929999999999999466e-03,6.574999999999999898e-04,8.659999999999999920e-01
2.059531249999999591e-01,3.929999999999999466e-03,6.050000000000000690e-04,8.659999999999999920e-01
2.060078124999999427e-01,3.929999999999999466e-03,5.525000000000000397e-04,9.196738076580847077e-01
2.060624999999999540e-01,3.929999999999999466e-03,5.000000000000000104e-04,9.999999999999975575e-01
2.061171874999999376e-01,3.929999999999999466e-03,4.474999999999999811e-04,1.034000000000000030e+00
2.061718749999999489e-01,3.929999999999999466e-03,3.949999999999999518e-04,1.034000000000000030e+00
2.062265624999999603e-01,3.929999999999999466e-03,3.425000000000000310e-04,1.034000000000000030e+00
2.062812499999999438e-01,3.929999999999999466e-03,2.900000000000000017e-04,1.034000000000000030e+00
2.063359374999999551e-01,3.929999999999999466e-03,2.374999999999999724e-04,1.034000000000000030e+00
2.063906249999999387e-01,3.929999999999999466e-03,1.850000000000000516e-04,1.034000000000000030e+00
2.064453124999999500e-01,3.929999999999999466e-03,1.325000000000000223e-04,1.034000000000000030e+00
2.064999999999999336e-01,3.929999999999999466e-03,8.000000000000000654e-05,1.034000000000000030e+00
2.114999999999999380e-01,4.040000000000000188e-03,8.000000000000000654e-05,8.659999999999999920e-01
2.115546874999999494e-01,4.040000000000000188e-03,1.325000000000000223e-04,8.659999999999999920e-01
2.116093749999999329e-01,4.040000000000000188e-03,1.849999999999999973e-04,8.659999999999999920e-01
2.116640624999999443e-01,4.040000000000000188e-03,2.375000000000000266e-04,8.659999999999999920e-01
2.117187499999999278e-01,4.040000000000000188e-03,2.900000000000000017e-04,8.659999999999999920e-01
2.117734374999999392e-01,4.040000000000000188e-03,3.425000000000000310e-04,8.659999999999999920e-01
2.118281249999999505e-01,4.040000000000000188e-03,3.950000000000000061e-04,8.659999999999999920e-01
2.118828124999999341e-01,4.040000000000000188e-03,4.474999999999999811e-04,9.196738076580847077e-01
2.119374999999999454e-01,4.040000000000000188e-03,5.000000000000000104e-04,9.999999999999975575e-01
2.119921874999999289e-01,4.040000000000000188e-03,5.525000000000000397e-04,1.034000000000000030e+00
2.120468749999999403e-01,4.040000000000000188e-03,6.050000000000000690e-04,1.034000000000000030e+00
2.121015624999999516e-01,4.040000000000000188e-03,6.574999999999999898e-04,1.034000000000000030e+00
2.121562499999999352e-01,4.040000000000000188e-03,7.100000000000000191e-04,1.034000000000000030e+00
2.122109374999999465e-01,4.040000000000000188e-03,7.625000000000000484e-04,1.034000000000000030e+00
2.122656249999999301e-01,4.040000000000000188e-03,8.149999999999999693e-04,1.034000000000000030e+00
2.123203124999999414e-01,4.040000000000000188e-03,8.674999999999999985e-04,1.034000000000000030e+00
2.123749999999999249e-01,4.040000000000000188e-03,9.200000000000000278e-04,1.034000000000000030e+00
2.173749999999999294e-01,4.150000000000000043e-03,9.200000000000000278e-04,8.659999999999999920e-01
2.174296874999999407e-01,4.150000000000000043e-03,8.674999999999999985e-04,8.659999999999999920e-01
2.174843749999999243e-01,4.150000000000000043e-03,8.149999999999999693e-04,8.659999999999999920e-01
2.175390624999999356e-01,4.150000000000000043e-03,7.625000000000000484e-04,8.659999999999999920e-01
2.175937499999999192e-01,4.150000000000000043e-03,7.100000000000000191e-04,8.659999999999999920e-01
2.176484374999999305e-01,4.150000000000000043e-03,6.574999999999999898e-04,8.659999999999999920e-01
2.177031249999999418e-01,4.150000000000000043e-03,6.050000000000000690e-04,8.659999999999999920e-01
2.177578124999999254e-01,4.150000000000000043e-03,5.525000000000000397e-04,9.196738076580847077e-01
2.178124999999999367e-01,4.150000000000000043e-03,5.000000000000000104e-04,9.999999999999975575e-01
2.178671874999999203e-01,4.150000000000000043e-03,4.474999999999999811e-04,1.034000000000000030e+00
2.179218749999999316e-01,4.150000000000000043e-03,3.949999999999999518e-04,1.034000000000000030e+00
2.179765624999999429e-01,4.150000000000000043e-03,3.425000000000000310e-04,1.034000000000000030e+00
2.180312499999999265e-01,4.150000000000000043e-03,2.900000000000000017e-04,1.034000000000000030e+00
2.180859374999999378e-01,4.150000000000000043e-03,2.374999999999999724e-04,1.034000000000000030e+00
2.181406249999999214e-01,4.150000000000000043e-03,1.850000000000000516e-04,1.034000000000000030e+00
2.181953124999999327e-01,4.150000000000000043e-03,1.325000000000000223e-04,1.034000000000000030e+00
2.182499999999999163e-01,4.150000000000000043e-03,8.000000000000000654e-05,1.034000000000000030e+00
2.232499999999999207e-01,4.259999999999999898e-03,8.000000000000000654e-05,8.659999999999999920e-01
2.233046874999999321e-01,4.259999999999999898e-03,1.325000000000000223e-04,8.659999999999999920e-01
2.233593749999999156e-01,4.259999999999999898e-03,1.849999999999999973e-04,8.659999999999999920e-01
2.234140624999999269e-01,4.259999999999999898e-03,2.375000000000000266e-04,8.659999999999999920e-01
2.234687499999999105e-01,4.259999999999999898e-03,2.900000000000000017e-04,8.659999999999999920e-01
2.235234374999999218e-01,4.259999999999999898e-03,3.425000000000000310e-04,8.659999999999999920e-01
2.235781249999999332e-01,4.259999999999999898e-03,3.950000000000000061e-04,8.659999999999999920e-01
2.236328124999999167e-01,4.259999999999999898e-03,4.474999999999999811e-04,9.196738076580847077e-01
2.236874999999999281e-01,4.259999999999999898e-03,5.000000000000000104e-04,9.999999999999975575e-01
2.237421874999999116e-01,4.259999999999999898e-03,5.525000000000000397e-04,1.034000000000000030e+00
2.237968749999999230e-01,4.259999999999999898e-03,6.050000000000000690e-04,1.034000000000000030e+00
2.238515624999999343e-01,4.259999999999999898e-03,6.574999999999999898e-04,1.034000000000000030e+00
2.239062499999999178e-01,4.259999999999999898e-03,7.100000000000000191e-04,1.034000000000000030e+00
2.239609374999999292e-01,4.259999999999999898e-03,7.625000000000000484e-04,1.034000000000000030e+00
2.240156249999999127e-01,4.259999999999999898e-03,8.149999999999999693e-04,1.034000000000000030e+00
2.240703124999999241e-01,4.259999999999999898e-03,8.674999999999999985e-04,1.034000000000000030e+00
2.241249999999999076e-01,4.259999999999999898e-03,9.200000000000000278e-04,1.034000000000000030e+00
2.291249999999999121e-01,4.369999999999999753e-03,9.200000000000000278e-04,8.659999999999999920e-01
2.291796874999999234e-01,4.369999999999999753e-03,8.674999999999999985e-04,8.659999999999999920e-01
2.292343749999999070e-01,4.369999999999999753e-03,8.149999999999999693e-04,8.659999999999999920e-01
2.292890624999999183e-01,4.369999999999999753e-03,7.625000000000000484e-04,8.659999999999999920e-01
2.293437499999999019e-01,4.369999999999999753e-03,7.100000000000000191e-04,8.659999999999999920e-01
2.293984374999999132e-01,4.369999999999999753e-03,6.574999999999999898e-04,8.659999999999999920e-01
2.294531249999999245e-01,4.369999999999999753e-03,6.050000000000000690e-04,8.659999999999999920e-01
2.295078124999999081e-01,4.369999999999999753e-03,5.525000000000000397e-04,9.196738076580847077e-01
2.295624999999999194e-01,4.369999999999999753e-03,5.000000000000000104e-04,9.999999999999975575e-01
2.296171874999999030e-01,4.369999999999999753e-03,4.474999999999999811e-04,1.034000000000000030e+00
2.296718749999999143e-01,4.369999999999999753e-03,3.949999999999999518e-04,1.034000000000000030e+00
2.297265624999999256e-01,4.369999999999999753e-03,3.425000000000000310e-04,1.034000000000000030e+00
2.297812499999999092e-01,4.369999999999999753e-03,2.900000000000000017e-04,1.034000000000000030e+00
2.298359374999999205e-01,4.369999999999999753e-03,2.374999999999999724e-04,1.034000000000000030e+00
2.298906249999999041e-01,4.369999999999999753e-03,1.850000000000000516e-04,1.034000000000000030e+00
2.299453124999999154e-01,4.369999999999999753e-03,1.325000000000000223e-04,1.034000000000000030e+00
2.299999999999998990e-01,4.369999999999999753e-03,8.000000000000000654e-05,1.034000000000000030e+00
2.349999999999999034e-01,4.479999999999999608e-03,8.000000000000000654e-05,8.659999999999999920e-01
2.350546874999999147e-01,4.479999999999999608e-03,1.325000000000000223e-04,8.659999999999999920e-01
2.351093749999998983e-01,4.479999999999999608e-03,1.849999999999999973e-04,8.659999999999999920e-01
2.351640624999999096e-01,4.479999999999999608e-03,2.375000000000000266e-04,8.659999999999999920e-01
2.352187499999998932e-01,4.479999999999999608e-03,2.900000000000000017e-04,8.659999999999999920e-01
2.352734374999999045e-01,4.479999999999999608e-03,3.425000000000000310e-04,8.659999999999999920e-01
2.353281249999999158e-01,4.479999999999999608e-03,3.950000000000000061e-04,8.659999999999999920e-01
2.353828124999998994e-01,4.479999999999999608e-03,4.474999999999999811e-04,9.196738076580847077e-01
2.354374999999999107e-01,4.479999999999999608e-03,5.000000000000000104e-04,9.999999999999975575e-01
2.354921874999998943e-01,4.479999999999999608e-03,5.525000000000000397e-04,1.034000000000000030e+00
2.355468749999999056e-01,4.479999999999999608e-03,6.050000000000000690e-04,1.034000000000000030e+00
2.356015624999999170e-01,4.479999999999999608e-03,6.574999999999999898e-04,1.034000000000000030e+00
2.356562499999999005e-01,4.479999999999999608e-03,7.100000000000000191e-04,1.034000000000000030e+00
2.357109374999999118e-01,4.479999999999999608e-03,7.625000000000000484e-04,1.034000000000000030e+00
2.357656249999998954e-01,4.479999999999999608e-03,8.149999999999999693e-04,1.034000000000000030e+00
2.358203124999999067e-01,4.479999999999999608e-03,8.674999999999999985e-04,1.034000000000000030e+00
2.358749999999998903e-01,4.479999999999999608e-03,9.200000000000000278e-04,1.034000000000000030e+00
2.408749999999998948e-01,4.589999999999999462e-03,9.200000000000000278e-04,8.659999999999999920e-01
2.409296874999999061e-01,4.589999999999999462e-03,8.674999999999999985e-04,8.659999999999999920e-01
2.409843749999998896e-01,4.589999999999999462e-03,8.149999999999999693e-04,8.659999999999999920e-01
2.410390624999999010e-01,4.589999999999999462e-03,7.625000000000000484e-04,8.659999999999999920e-01
2.410937499999998845e-01,4.589999999999999462e-03,7.100000000000000191e-04,8.659999999999999920e-01
2.411484374999998959e-01,4.589999999999999462e-03,6.574999999999999898e-04,8.659999999999999920e-01
2.412031249999999072e-01,4.589999999999999462e-03,6.050000000000000690e-04,8.659999999999999920e-01
2.412578124999998908e-01,4.589999999999999462e-03,5.525000000000000397e-04,9.196738076580847077e-01
2.413124999999999021e-01,4.589999999999999462e-03,5.000000000000000104e-04,9.999999999999975575e-01
2.413671874999998856e-01,4.589999999999999462e-03,4.474999999999999811e-04,1.034000000000000030e+00
2.414218749999998970e-01,4.589999999999999462e-03,3.949999999999999518e-04,1.034000000000000030e+00
2.414765624999999083e-01,4.589999999999999462e-03,3.425000000000000310e-04,1.034000000000000030e+00
2.415312499999998919e-01,4.589999999999999462e-03,2.900000000000000017e-04,1.034000000000000030e+00
2.415859374999999032e-01,4.589999999999999462e-03,2.374999999999999724e-04,1.034000000000000030e+00
2.416406249999998868e-01,4.589999999999999462e-03,1.850000000000000516e-04,1.034000000000000030e+00
2.416953124999998981e-01,4.589999999999999462e-03,1.325000000000000223e-04,1.034000000000000030e+00
2.417499999999998817e-01,4.589999999999999462e-03,8.000000000000000654e-05,1.034000000000000030e+00
2.467499999999998861e-01,4.700000000000000185e-03,8.000000000000000654e-05,8.659999999999999920e-01
2.468046874999998974e-01,4.700000000000000185e-03,1.325000000000000223e-04,8.659999999999999920e-01
2.468593749999998810e-01,4.700000000000000185e-03,1.849999999999999973e-04,8.659999999999999920e-01
2.469140624999998923e-01,4.700000000000000185e-03,2.375000000000000266e-04,8.659999999999999920e-01
2.469687499999998759e-01,4.700000000000000185e-03,2.900000000000000017e-04,8.659999999999999920e-01
2.470234374999998872e-01,4.700000000000000185e-03,3.425000000000000310e-04,8.659999999999999920e-01
2.470781249999998985e-01,4.700000000000000185e-03,3.950000000000000061e-04,8.659999999999999920e-01
2.471328124999998821e-01,4.700000000000000185e-03,4.474999999999999811e-04,9.196738076580847077e-01
2.471874999999998934e-01,4.700000000000000185e-03,5.000000000000000104e-04,9.999999999999975575e-01
2.472421874999998770e-01,4.700000000000000185e-03,5.525000000000000397e-04,1.034000000000000030e+00
2.472968749999998883e-01,4.700000000000000185e-03,6.050000000000000690e-04,1.034000000000000030e+00
2.473515624999998996e-01,4.700000000000000185e-03,6.574999999999999898e-04,1.034000000000000030e+00
2.474062499999998832e-01,4.700000000000000185e-03,7.100000000000000191e-04,1.034000000000000030e+00
2.474609374999998945e-01,4.700000000000000185e-03,7.625000000000000484e-04,1.034000000000000030e+00
2.475156249999998781e-01,4.700000000000000185e-03,8.149999999999999693e-04,1.034000000000000030e+00
2.475703124999998894e-01,4.700000000000000185e-03,8.674999999999999985e-04,1.034000000000000030e+00
2.476249999999998730e-01,4.700000000000000185e-03,9.200000000000000278e-04,1.034000000000000030e+00
2.526249999999998774e-01,4.810000000000000039e-03,9.200000000000000278e-04,8.659999999999999920e-01
2.526796874999998610e-01,4.810000000000000039e-03,8.674999999999999985e-04,8.659999999999999920e-01
2.527343749999999001e-01,4.810000000000000039e-03,8.149999999999999693e-04,8.659999999999999920e-01
2.527890624999998836e-01,4.810000000000000039e-03,7.625000000000000484e-04,8.659999999999999920e-01
2.528437499999998672e-01,4.810000000000000039e-03,7.100000000000000191e-04,8.659999999999999920e-01
2.528984374999998508e-01,4.810000000000000039e-03,6.574999999999999898e-04,8.659999999999999920e-01
2.529531249999998899e-01,4.810000000000000039e-03,6.050000000000000690e-04,8.659999999999999920e-01
2.530078124999998734e-01,4.810000000000000039e-03,5.525000000000000397e-04,9.196738076580833754e-01
2.530624999999998570e-01,4.810000000000000039e-03,5.000000000000000104e-04,1.000000000000007105e+00
2.531171874999998961e-01,4.810000000000000039e-03,4.474999999999999811e-04,1.034000000000000030e+00
2.531718749999998797e-01,4.810000000000000039e-03,3.949999999999999518e-04,1.034000000000000030e+00
2.532265624999998632e-01,4.810000000000000039e-03,3.425000000000000310e-04,1.034000000000000030e+00
2.532812499999999023e-01,4.810000000000000039e-03,2.900000000000000017e-04,1.034000000000000030e+00
2.533359374999998859e-01,4.810000000000000039e-03,2.374999999999999724e-04,1.034000000000000030e+00
2.533906249999998694e-01,4.810000000000000039e-03,1.850000000000000516e-04,1.034000000000000030e+00
2.534453124999998530e-01,4.810000000000000039e-03,1.325000000000000223e-04,1.034000000000000030e+00
2.534999999999998921e-01,4.810000000000000039e-03,8.000000000000000654e-05,1.034000000000000030e+00
2.584999999999998965e-01,4.919999999999999894e-03,8.000000000000000654e-05,8.659999999999999920e-01
2.585546874999998801e-01,4.919999999999999894e-03,1.325000000000000223e-04,8.659999999999999920e-01
2.586093749999999192e-01,4.919999999999999894e-03,1.849999999999999973e-04,8.659999999999999920e-01
2.586640624999999027e-01,4.919999999999999894e-03,2.375000000000000266e-04,8.659999999999999920e-01
2.587187499999998863e-01,4.919999999999999894e-03,2.900000000000000017e-04,8.659999999999999920e-01
2.587734374999998699e-01,4.919999999999999894e-03,3.425000000000000310e-04,8.659999999999999920e-01
2.588281249999999090e-01,4.919999999999999894e-03,3.950000000000000061e-04,8.659999999999999920e-01
2.588828124999998925e-01,4.919999999999999894e-03,4.474999999999999811e-04,9.196738076580833754e-01
2.589374999999998761e-01,4.919999999999999894e-03,5.000000000000000104e-04,1.000000000000007105e+00
2.589921874999999152e-01,4.919999999999999894e-03,5.525000000000000397e-04,1.034000000000000030e+00
2.590468749999998987e-01,4.919999999999999894e-03,6.050000000000000690e-04,1.034000000000000030e+00
2.591015624999998823e-01,4.919999999999999894e-03,6.574999999999999898e-04,1.034000000000000030e+00
2.591562499999999214e-01,4.919999999999999894e-03,7.100000000000000191e-04,1.034000000000000030e+00
2.592109374999999050e-01,4.919999999999999894e-03,7.625000000000000484e-04,1.034000000000000030e+00
2.592656249999998885e-01,4.919999999999999894e-03,8.149999999999999693e-04,1.034000000000000030e+00
2.593203124999998721e-01,4.919999999999999894e-03,8.674999999999999985e-04,1.034000000000000030e+00
2.593749999999999112e-01,4.919999999999999894e-03,9.200000000000000278e-04,1.034000000000000030e+00
